{"cameraMode":{"drawMode":0,"name":"Shaded","section":"Shading Mode"},"sceneLighting":true,"audioPlay":false,"sceneViewState":{"showFog":true,"showMaterialUpdate":false,"showSkybox":true,"showFlares":true,"showImageEffects":true,"showParticleSystems":true},"in2DMode":false,"pivot":{"x":0.14746475219726563,"y":7.511152267456055,"z":0.7668771743774414},"rotation":{"x":-0.08482477813959122,"y":-0.7846808433532715,"z":0.11017745733261109,"w":-0.6041073799133301},"size":59.83448028564453,"orthographic":false}