{"cameraMode":{"drawMode":0,"name":"Shaded","section":"Shading Mode"},"sceneLighting":true,"audioPlay":false,"sceneViewState":{"showFog":true,"showMaterialUpdate":false,"showSkybox":true,"showFlares":true,"showImageEffects":true,"showParticleSystems":true},"in2DMode":false,"pivot":{"x":-2.7415313720703127,"y":-2.681407928466797,"z":6.0137786865234379},"rotation":{"x":-0.1468992382287979,"y":-0.7466557025909424,"z":0.17561109364032746,"w":-0.6245733499526978},"size":59.83448028564453,"orthographic":false}